﻿Designator,Quantity,Value,Footprint,Package,MPN,DNP,Mount_Type,Description
C1,1,100nF,C_Disc_D4.3mm_W1.9mm_P5.00mm,,,,tht,Unpolarized capacitor
J1,1,Zeal 8-bit Extension Port,PinHeader_2x25_P2.54mm_Horizontal,,,,tht,"Generic connector, double row, 02x25, top/bottom pin numbering scheme (row 1: 1...pins_per_row, row2: pins_per_row+1 ... num_pins), script generated (kicad-library-utils/schlib/autogen/connector/)"
J2,1,RCBus,PinSocket_2x40_P2.54mm_Horizontal,,,,tht,"Generic connector, double row, 02x40, top/bottom pin numbering scheme (row 1: 1...pins_per_row, row2: pins_per_row+1 ... num_pins), script generated (kicad-library-utils/schlib/autogen/connector/)"
J3,1,TX/RX,PinHeader_1x02_P2.54mm_Vertical,,,,tht,"Generic connector, single row, 01x02, script generated (kicad-library-utils/schlib/autogen/connector/)"
JP5,1,ROM,PinHeader_1x02_P2.54mm_Vertical,,,,tht,"Jumper, 2-pole, open"
U1,1,74HCT86,DIP-14_W7.62mm_Socket,,,,tht,Quad 2-Input XOR Gate
