﻿pos_x,pos_y,rotation,side,designator,mpn,pack,footprint,value,mount_type
107.75,-62.5,-90.0,top,C1,,,C_Disc_D4.3mm_W1.9mm_P5.00mm,100nF,tht
55.5,-66.96,0.0,top,J3,,,PinHeader_1x02_P2.54mm_Vertical,TX/RX,tht
143.46,-62.25,90.0,top,JP1,,,PinHeader_1x03_P2.54mm_Vertical,A7 $80,tht
143.5,-66.0,90.0,top,JP2,,,PinHeader_1x03_P2.54mm_Vertical,A6 $40,tht
143.5,-69.75,90.0,top,JP3,,,PinHeader_1x03_P2.54mm_Vertical,A5 $20,tht
143.46,-73.5,90.0,top,JP4,,,PinHeader_1x03_P2.54mm_Vertical,A4 $10,tht
69.0,-74.225,0.0,top,JP5,,,PinHeader_1x02_P2.54mm_Vertical,ROM,tht
111.3,-68.62,90.0,top,U1,,,DIP-14_W7.62mm_Socket,74HCT86,tht
