Designator,Val,Package,Mid X,Mid Y,Rotation,Layer
C1,100nF,C_Disc_D4.3mm_W1.9mm_P5.00mm,107.75,-65.0,-90.0,top
J3,TX/RX,PinHeader_1x02_P2.54mm_Vertical,55.5,-68.23,0.0,top
JP1,A7 $80,PinHeader_1x03_P2.54mm_Vertical,146.0,-62.25,90.0,top
JP2,A6 $40,PinHeader_1x03_P2.54mm_Vertical,146.04,-66.0,90.0,top
JP3,A5 $20,PinHeader_1x03_P2.54mm_Vertical,146.04,-69.75,90.0,top
JP4,A4 $10,PinHeader_1x03_P2.54mm_Vertical,146.0,-73.5,90.0,top
JP5,ROM,PinHeader_1x02_P2.54mm_Vertical,69.0,-75.495,0.0,top
U1,74HCT86,DIP-14_W7.62mm_Socket,118.92,-64.81,90.0,top
